{
  "exact": 89.92672450096859,
  "f1": 92.20969611752983,
  "total": 11873,
  "HasAns_exact": 85.3744939271255,
  "HasAns_f1": 89.9469841436291,
  "HasAns_total": 5928,
  "NoAns_exact": 94.4659377628259,
  "NoAns_f1": 94.4659377628259,
  "NoAns_total": 5945,
  "best_exact": 90.22151099132485,
  "best_exact_thresh": 7.364707946777344,
  "best_f1": 92.51711631461531,
  "best_f1_thresh": 7.364707946777344
}